train_size,train_rmse,val_rmse
175,0.09716956190468799,0.17829298529271373
401,0.11231607974215455,0.1786665416866074
627,0.12205428647860239,0.14590261512035654
853,0.12200882469851443,0.14150782804970646
1079,0.12114225600148712,0.1407867663284127
1305,0.12144568198191312,0.13741890684651617
1531,0.1223018295031953,0.13715190006590253
1757,0.12321603770043903,0.13728375347669897
