Model,RMSE
Linear,0.137405165
Ridge,0.137253498
